{"epoch": [1, 2, 3, 4, 5, 6, 7, 8, 9, 10, 11, 12, 13, 14, 15, 16, 17, 18, 19, 20, 21, 22, 23, 24, 25, 26, 27, 28, 29, 30, 31, 32, 33, 34, 35, 36, 37], "reward": [491.43685491988435, 1791.6914334991015, 3121.129845437128, 4884.439283272717, 6814.856930878013, 8343.920454815496, 9825.072270734701, 10793.480675229803, 11182.877072395757, 11231.658454007003, 10978.884118415415, 11211.205504107755, 11350.005247442983, 11380.891981673893, 10999.352929148823, 11214.831982857548, 11274.043930414598, 11511.324316855986, 11323.597607199568, 11584.380628521089, 11389.834225157741, 11793.1988024069, 11723.748023222666, 11658.839082507882, 11604.122054883745, 11748.353102774825, 11964.576419953723, 11528.614099215716, 11794.60513216583, 11834.418054863345, 11959.309925341979, 11545.108045083005, 11791.050446188077, 11981.379521708935, 11759.454580435064, 11944.989518299233, 11442.288257888518], "loss": [0.001150162361446705, 0.0005237247573460264, 0.00033656235337958573, 0.00026202664623195944, 0.00019341595230935822, 0.00016930331363125415, 0.00014540904045039812, 0.00015134626164251748, 0.0001205119419953646, 0.00012705310908623708, 0.00012729116700612532, 0.00012913981998790574, 9.983251157919357e-05, 0.00012682785917026427, 0.00011349230553680055, 9.770666704481884e-05, 0.00010310372031902485, 9.781823435161044e-05, 0.00010549693848971061, 0.00010511739081712317, 0.00010992888204788846, 7.376066195283048e-05, 7.662187920895833e-05, 7.721084634001919e-05, 8.501514391910242e-05, 7.846032023493384e-05, 8.411218695182552e-05, 8.461004842412954e-05, 6.642413208679808e-05, 7.68952687599878e-05, 7.218154533264389e-05, 8.763615577400287e-05, 8.628060805881977e-05, 7.524274449792846e-05, 6.997485288888429e-05, 8.012904806401618e-05, 8.937737511194436e-05], "epsilon": [0.8700500000005914, 0.7401000000011828, 0.6101500000017742, 0.4802000000022557, 0.35025000000212575, 0.2203000000019958, 0.09035000000191391, 0.01, 0.01, 0.01, 0.01, 0.01, 0.01, 0.01, 0.01, 0.01, 0.01, 0.01, 0.01, 0.01, 0.01, 0.01, 0.01, 0.01, 0.01, 0.01, 0.01, 0.01, 0.01, 0.01, 0.01, 0.01, 0.01, 0.01, 0.01, 0.01, 0.01], "train_auprc": [0.5372144421325451, 0.8152296854750907, 0.9219453178573486, 0.9282553873623682, 0.9418109230818328, 0.9078478786733764, 0.9162653272108383, 0.9359686669584361, 0.9550686827715124, 0.9730515964582506, 0.9665271084032061, 0.8731835353249948, 0.950600438871655, 0.9521299928436702, 0.8916271375000769, 0.8974982874426655, 0.9651398052771588, 0.984190500487795, 0.9132218308811172, 0.9985617914072671, 0.9559692053784542, 0.9677978323261494, 0.9751030861222783, 0.9621712915759296, 0.9570604350007982, 0.9565618466185027, 0.9184475442240975, 0.9815997098986249, 0.9981684981684982, 0.967259894735391, 0.9449221697919283, 0.9454543536002027, 0.9630026394281143, 0.9615786463887732, 1.0000000000000002, 0.9999999999999999, 0.9626399582207489], "val_auprc": [0.1064014046095583, 0.38721156241461846, 0.4263768674209257, 0.5179579393233211, 0.49805177569690945, 0.5362693370330839, 0.5203022975026719, 0.5170320995091918, 0.5192864615042697, 0.4457373578792225, 0.4802269917348299, 0.5858304823621241, 0.5921655712996874, 0.5653694818646939, 0.5763069019420927, 0.5230434808395629, 0.5968133309595559, 0.5681003432822059, 0.5740798721765985, 0.5438383883649169, 0.5949695244439575, 0.5390325579218186, 0.562857931095294, 0.5658368905881319, 0.5786632721343219, 0.577019048820281, 0.5993885445932414, 0.5554606266378342, 0.5898271263157578, 0.5335176427805279, 0.5617291787804064, 0.5702249169683539, 0.5687529898770887, 0.5493523010766712, 0.54887965686915, 0.5554459098366389, 0.5529993721692636], "elapsed": [63.59229302406311, 62.96645259857178, 61.1158721446991, 60.44998526573181, 63.98181748390198, 64.92582321166992, 66.76143336296082, 67.40207839012146, 69.28186416625977, 68.79763674736023, 69.102219581604, 68.71898055076599, 68.2036075592041, 68.43915796279907, 67.90064811706543, 68.20804142951965, 68.63758063316345, 68.27546620368958, 68.66580867767334, 68.55286359786987, 68.48341012001038, 65.96852564811707, 66.7358980178833, 66.60532236099243, 66.94322729110718, 67.2511260509491, 67.71401834487915, 66.94488739967346, 67.41746973991394, 66.85632491111755, 65.29641962051392, 65.27381157875061, 65.65550541877747, 65.21024346351624, 63.87597870826721, 64.4869658946991, 64.2989730834961]}