{"epoch": [1, 2, 3, 4, 5, 6, 7, 8, 9, 10, 11, 12, 13, 14, 15, 16, 17, 18, 19, 20, 21, 22, 23, 24, 25, 26, 27, 28, 29, 30, 31, 32], "reward": [490.7309460830875, 1660.9521632269025, 3165.5561146293767, 4779.337316687219, 6630.409628594294, 8446.202223577537, 10018.237214856315, 11163.636135484092, 11426.320585357025, 11652.231385513209, 11611.0191437779, 11595.564088340849, 11638.587401074823, 11531.791375111789, 11739.016947725788, 11531.306751084048, 11611.770624779165, 11951.955672487617, 11821.796174144372, 11601.934026408475, 11887.034672571812, 11787.369888655841, 11721.721070353873, 11873.663525579497, 12123.927470023744, 11788.545248510316, 12071.81904911017, 12063.490245341789, 11965.273571141995, 12147.92937525129, 12326.561697320081, 11874.995168289635], "loss": [0.0009804462855239227, 0.0005272177636467087, 0.00029546967375320863, 0.00024353511723663795, 0.00017862063515238874, 0.00018018892285858284, 0.0001612293538621768, 0.0001374869714783788, 0.00014389042282541756, 0.00011791518123399859, 0.00010140395557514048, 0.00011776389993375239, 9.761611556301303e-05, 0.00010717136516301901, 0.00010376285831646124, 0.00010604373312289476, 0.00010404964757479207, 8.137542684608933e-05, 9.347306872942194e-05, 9.057454416930204e-05, 9.9825775146589e-05, 7.73914852290738e-05, 9.770205529484742e-05, 8.781977462017408e-05, 9.445142985941e-05, 8.11659719368768e-05, 8.317315101771468e-05, 7.159251987415752e-05, 8.0390815967693e-05, 7.074173826254729e-05, 7.258140849287278e-05, 8.120103382371867e-05], "epsilon": [0.8700500000005914, 0.7401000000011828, 0.6101500000017742, 0.4802000000022557, 0.35025000000212575, 0.2203000000019958, 0.09035000000191391, 0.01, 0.01, 0.01, 0.01, 0.01, 0.01, 0.01, 0.01, 0.01, 0.01, 0.01, 0.01, 0.01, 0.01, 0.01, 0.01, 0.01, 0.01, 0.01, 0.01, 0.01, 0.01, 0.01, 0.01, 0.01], "train_auprc": [0.517018921736493, 0.8445755706714403, 0.9356918740060537, 0.9049234451669022, 0.9772102611085662, 0.9606682029950179, 0.9045013947753398, 0.8931210310898678, 0.9540963031707455, 0.9440396396588556, 0.9332826138037953, 0.945005649396619, 0.951552109920594, 0.9500400649051465, 0.9229020338495038, 0.9364000241100336, 0.9667671959743803, 0.980784575606582, 0.9111911575380387, 0.977686576385776, 0.9735276331290823, 0.9791866874883214, 0.9791867155860301, 0.935910502873424, 0.9343404424856817, 0.9370912185508593, 0.9555169808142554, 0.9452347860424305, 0.9802429949969591, 0.948930925215747, 0.9970238095238095, 0.9032252653726117], "val_auprc": [0.15919768873391876, 0.3702389175396099, 0.493036339420286, 0.5403965573777876, 0.5030123608002307, 0.5172691464832159, 0.4825237341731677, 0.5612159443856889, 0.5659888859071155, 0.5494899387156977, 0.5717444519294644, 0.5924842986817804, 0.5813972411074011, 0.597327185978629, 0.5914241749400667, 0.5744497356124377, 0.5621281433193321, 0.5715085334468247, 0.5779555593920762, 0.5874428971618901, 0.5566247794206595, 0.6203428517112918, 0.5894763792783827, 0.5659450320974755, 0.5699143646058585, 0.6099676820339723, 0.5433881818820516, 0.6087527467749866, 0.6043353026442483, 0.5776860836546566, 0.5928384120078125, 0.5600887021258215], "elapsed": [97.63198685646057, 73.23052620887756, 67.84195375442505, 67.23372316360474, 73.21308755874634, 71.24341249465942, 79.4377019405365, 79.26022434234619, 80.85634088516235, 72.64037823677063, 73.55172824859619, 72.10026741027832, 73.9658477306366, 72.01244616508484, 72.43991589546204, 72.2249641418457, 72.33879899978638, 75.96268105506897, 81.17763423919678, 80.73014116287231, 80.59320044517517, 76.11026549339294, 79.22265005111694, 82.55225205421448, 82.75676465034485, 76.26537489891052, 66.48428654670715, 66.5370740890503, 66.82603049278259, 70.53453516960144, 66.45207095146179, 65.7690167427063]}