{"epoch": [1, 2, 3, 4, 5, 6, 7, 8, 9, 10, 11, 12, 13, 14, 15, 16, 17, 18, 19, 20, 21, 22, 23, 24, 25, 26, 27, 28, 29, 30, 31, 32, 33, 34, 35, 36, 37, 38, 39, 40, 41, 42, 43, 44, 45], "reward": [39009.40622189641, 123945.81956644356, 215740.03258503973, 301670.0455619097, 384750.458069101, 470260.47092957795, 557969.8848396242, 637844.6972419173, 654300.3000894785, 655622.1016268432, 657283.10090065, 657453.1013464332, 656979.901375562, 658422.7015087008, 659252.1011929512, 658814.1016090512, 659411.5015032887, 658867.1018064022, 659326.5009654313, 659665.5013123453, 658926.5028305948, 659551.102348417, 659487.3018437028, 660685.3013915718, 659903.3019704521, 660035.3021044433, 660829.9018713534, 660464.1019594073, 661328.9024830759, 660157.9012757242, 660392.7014069557, 659258.7013055682, 660711.9012842327, 661780.7013935745, 661591.7018015087, 661337.1015885174, 661266.5012078583, 661300.300919801, 661202.1007883847, 660306.9003303796, 660850.4996418655, 660054.5010484159, 661482.1004477441, 663083.9006732702, 661572.1012827009], "loss": [0.015024392089316817, 0.005600514682081512, 0.0017117013583760787, 0.0012636344304804014, 0.0012342455503994913, 0.0011780000121959834, 0.001137442569094247, 0.001075865718192852, 0.001070937424001209, 0.0011326143461837296, 0.0010397578213558896, 0.0010436429441386408, 0.0010128820653297747, 0.0009609989351753953, 0.0009739904769721404, 0.000915306338406038, 0.0008763985826100362, 0.0008822224622011323, 0.0008595391969689069, 0.0009151095992851378, 0.0009161713016725421, 0.0008771502273962561, 0.0009145355127316923, 0.0008045030652093673, 0.0009630235406488469, 0.0008053533275208638, 0.0008465874636902373, 0.0008184681847890499, 0.0008270332481832863, 0.0008000518943717547, 0.00085047890613116, 0.0008270487916413201, 0.0007855912339763674, 0.0008317186778811714, 0.0007560882223680381, 0.0008257663169444723, 0.0008282674243279192, 0.0007940028294804451, 0.0008046518704782951, 0.0007638090544348051, 0.0008303746591274274, 0.0008084411062750556, 0.0007886453670064928, 0.0007837278237301109, 0.0008040961471585368], "epsilon": [0.8700500000005914, 0.7401000000011828, 0.6101500000017742, 0.4802000000022557, 0.35025000000212575, 0.2203000000019958, 0.09035000000191391, 0.01, 0.01, 0.01, 0.01, 0.01, 0.01, 0.01, 0.01, 0.01, 0.01, 0.01, 0.01, 0.01, 0.01, 0.01, 0.01, 0.01, 0.01, 0.01, 0.01, 0.01, 0.01, 0.01, 0.01, 0.01, 0.01, 0.01, 0.01, 0.01, 0.01, 0.01, 0.01, 0.01, 0.01, 0.01, 0.01, 0.01, 0.01], "train_auprc": [0.0009896518567350627, 0.0010731782027954921, 0.00096, 0.08633511069369376, 0.06261908545733141, 0.1760654786777009, 0.21655305066534983, 0.4110156615512801, 0.4102892132206417, 0.4312596482548362, 0.5336840140873679, 0.584451115797344, 0.617346366728523, 0.588871155161059, 0.5807531683484064, 0.6862843321214158, 0.7746646333912257, 0.8463138461538462, 0.7655348019969086, 0.7054859986626673, 0.726060537479223, 0.7528033536190453, 0.6683745640403846, 0.7823409377053522, 0.8574513207547171, 0.8321565260006506, 0.7051077489253963, 0.7733756693620846, 0.9089836535470336, 0.7772241384999293, 0.8101868745806546, 0.8230772161782015, 0.8637563636363637, 0.9000244645872212, 0.894479320614786, 0.8655167819076988, 0.8724604255319149, 0.8380988759972555, 0.9086159675785207, 0.8320016175359033, 0.9773558001850139, 0.7426285448473129, 0.9338981068466699, 0.7965162962962962, 0.9086579143629966], "val_auprc": [0.0009653086376906494, 0.001088005569585406, 0.000990518521012742, 0.012406842152411652, 0.018874661622988214, 0.03456258227247545, 0.08039635522820769, 0.10333283856152624, 0.12376792641188046, 0.15338053068699514, 0.19189288875594784, 0.2221224014448702, 0.2353827506997588, 0.28012250351318874, 0.38634618979292257, 0.3843403669278638, 0.39645513653430847, 0.42389853149506407, 0.42095755004570967, 0.46300918214952924, 0.48342968063572955, 0.45445545464831705, 0.40360807113428393, 0.48883454869221005, 0.49954072636414965, 0.48492417813541655, 0.5065719919240022, 0.5131352609043095, 0.5192270278979149, 0.5122096847682477, 0.5335075306808308, 0.514812606978883, 0.49766611572486885, 0.5476502176435727, 0.5597705892648397, 0.5268868876676505, 0.5271116412441134, 0.5098007397836775, 0.5079129363483237, 0.5005619583007542, 0.5255446893056764, 0.5181853390681103, 0.5248933752235941, 0.5383495145894043, 0.5383600977063062], "elapsed": [65.69369006156921, 69.47978782653809, 74.6477723121643, 75.19671249389648, 81.87138605117798, 81.8148341178894, 77.27293276786804, 80.70640134811401, 81.81827545166016, 81.416508436203, 84.66030883789062, 85.68526577949524, 87.70227026939392, 80.15400052070618, 89.2120189666748, 88.2633044719696, 86.72795033454895, 87.201162815094, 86.89972734451294, 82.46995162963867, 85.50494575500488, 87.08541250228882, 80.86088848114014, 87.00642919540405, 81.8044490814209, 83.44204258918762, 80.44860339164734, 86.93635559082031, 84.12693381309509, 88.2666687965393, 81.34466791152954, 85.07412648200989, 85.47146558761597, 85.36190700531006, 89.09965181350708, 83.54998064041138, 88.43677401542664, 80.65530061721802, 92.11348176002502, 88.6859381198883, 92.65678930282593, 93.69223809242249, 92.15589785575867, 90.3216302394867, 83.65700650215149]}