{"epoch": [1, 2, 3, 4, 5, 6, 7, 8, 9, 10, 11, 12, 13, 14, 15, 16, 17, 18, 19, 20, 21, 22, 23, 24, 25, 26, 27, 28, 29], "reward": [15388.802359297872, 45655.60687272251, 79742.81212577224, 116758.01798222959, 147159.62235441804, 182326.42749331892, 210650.03176355362, 251225.23759274185, 283906.2422979474, 313319.4466737807, 349501.45195525885, 386442.657443136, 415154.06158202887, 450196.2667309046, 477925.87087498605, 513261.47618089616, 547916.681100443, 576422.88552019, 613329.2911139727, 646719.4961044043, 664186.8990427852, 663908.6993083954, 664412.4992005229, 663826.2994071096, 663705.4984918833, 664153.0993392467, 663368.8993668556, 662057.8991597593, 664386.099260956], "loss": [0.0029101980007173265, 0.0018294644135671448, 0.0011687642849780456, 0.0008730595499624154, 0.0008597574412346039, 0.000767374457251072, 0.0007513955024996602, 0.0007475204053014321, 0.0007769740883157415, 0.0007730202765043859, 0.0007690357881858562, 0.0007529666695581695, 0.0007215404959031323, 0.0007378865279819411, 0.0006758163646950938, 0.0007509933988961196, 0.0007462868284677073, 0.000834192398506947, 0.0007147341903352983, 0.0007448140816636505, 0.0007085745670832562, 0.0007318421142249959, 0.0007259902607255184, 0.0007805334030690606, 0.0007559616229380722, 0.0007235079891305086, 0.0007812111047881688, 0.0007132717542535011, 0.0006842189752898046], "epsilon": [0.9505000000003019, 0.9010000000006038, 0.8515000000009056, 0.8020000000012075, 0.7525000000015094, 0.7030000000018113, 0.6535000000021132, 0.604000000002415, 0.5545000000027169, 0.5050000000030188, 0.4555000000033207, 0.4060000000036226, 0.35650000000392446, 0.30700000000422634, 0.2575000000045282, 0.20800000000452404, 0.15850000000446524, 0.10900000000440643, 0.0595000000043531, 0.010000000004367673, 0.01, 0.01, 0.01, 0.01, 0.01, 0.01, 0.01, 0.01, 0.01], "train_auprc": [0.07479064152033849, 0.1382485897413845, 0.3850908397617635, 0.8777506949037869, 0.8663980547875043, 0.8944792205139152, 0.9366441964526033, 0.905099572393738, 0.9736956108288781, 0.983067345110848, 0.9618510371994989, 0.9703312936999194, 0.9537278934214637, 0.9794679963470608, 0.9600290363637891, 0.9903351611351612, 0.9795927425081665, 0.9935573030208658, 1.0, 0.9400224139969444, 0.9602523461066034, 0.9427163607743838, 0.9782122996655945, 0.943710199792463, 0.9498006975060169, 0.984658652316846, 0.9895806069941535, 0.9773789818069156, 0.9898316814130894], "val_auprc": [0.006696907357658471, 0.015598080300601636, 0.10148196284116343, 0.31179106447046495, 0.4529242681455838, 0.5328915452786046, 0.49531956907813135, 0.5433925881530607, 0.5834089304054809, 0.5541314405625946, 0.5459636323806422, 0.56606286516791, 0.5174333831783817, 0.5631611121907022, 0.5347798972183392, 0.5572220394234679, 0.6011084327089246, 0.586373222367581, 0.6131896773951921, 0.5839462186833149, 0.5862811421511765, 0.6068728094535306, 0.605013194178072, 0.6053561249069126, 0.5695837200296132, 0.5754550079352234, 0.5858181073449672, 0.5534334055911762, 0.5977133133396461], "elapsed": [76.30983686447144, 71.86705112457275, 71.13564348220825, 77.35588002204895, 81.16995763778687, 81.04241704940796, 73.91626191139221, 71.56516885757446, 71.5789704322815, 71.5567934513092, 74.44925260543823, 77.96180391311646, 71.92408919334412, 75.2806305885315, 74.65781021118164, 77.79987239837646, 77.93071722984314, 74.94302368164062, 83.46499180793762, 79.72207522392273, 80.2040627002716, 77.22814154624939, 76.67274856567383, 72.49218344688416, 74.6835207939148, 80.17920136451721, 79.67535924911499, 81.90853834152222, 76.30542922019958]}