{"epoch": [1, 2, 3, 4, 5, 6, 7, 8, 9, 10, 11, 12, 13, 14, 15, 16, 17, 18, 19, 20, 21, 22, 23, 24, 25, 26, 27, 28, 29, 30, 31, 32, 33, 34, 35, 36, 37, 38], "reward": [45003.60680437088, 128646.019360587, 213055.2322025895, 302539.4463482797, 389891.8605851084, 469155.0723080188, 560705.6855089217, 644574.2986233085, 661067.9016581476, 660812.1023140252, 661932.1016764343, 661754.5019899905, 662779.3014661968, 662049.1009817123, 662084.1012025476, 662355.5007270873, 662733.1011416614, 662067.7009031624, 662798.7004240751, 663470.7003192604, 661025.7005899698, 663250.700845778, 663297.6997600794, 662697.7003372014, 663722.5009081662, 662435.8997477293, 662713.8995540738, 662553.4998215288, 663850.3000675738, 662558.4995197207, 662361.4997287393, 662593.0994553566, 663444.699575901, 663069.0993370414, 662450.7002796978, 662227.2994943857, 663478.2996905446, 663655.3001934439], "loss": [0.007975867459567706, 0.003019457674274125, 0.0014826771535911025, 0.0010388930221278138, 0.0009810291658737071, 0.000944605038789408, 0.0008435067834543131, 0.0008989462903406587, 0.0008241414866081078, 0.0008495840541505002, 0.0007457120849961481, 0.0007624087452574823, 0.0007643196850970874, 0.0006787902762315988, 0.0007955774915878728, 0.0007183934142174033, 0.0007585536073500046, 0.0007656783420931513, 0.0007303379179253282, 0.0007884451612958745, 0.0007812894480299817, 0.0007382571090450055, 0.0007130066959030697, 0.0007464682240151612, 0.0007368746795735593, 0.0007320683924301743, 0.0007201542738050084, 0.0007429235556347729, 0.0007321104769443498, 0.0006582348837131636, 0.0007525390070581684, 0.0007420550890992515, 0.0007248723262174165, 0.0007267021453748949, 0.0007054967743341636, 0.0006872627037423374, 0.0006651304064239065, 0.0006766916456303018], "epsilon": [0.8700500000005914, 0.7401000000011828, 0.6101500000017742, 0.4802000000022557, 0.35025000000212575, 0.2203000000019958, 0.09035000000191391, 0.01, 0.01, 0.01, 0.01, 0.01, 0.01, 0.01, 0.01, 0.01, 0.01, 0.01, 0.01, 0.01, 0.01, 0.01, 0.01, 0.01, 0.01, 0.01, 0.01, 0.01, 0.01, 0.01, 0.01, 0.01, 0.01, 0.01, 0.01, 0.01, 0.01, 0.01], "train_auprc": [0.025411376306126218, 0.15732377224081287, 0.24949375112761601, 0.5465104493602931, 0.7451276738217568, 0.8033614925814871, 0.8243317184394173, 0.9074439446839372, 0.9000381037473589, 0.8764555494851958, 0.952189502255621, 0.9094244181848901, 0.9174148017854674, 0.997427670368847, 0.9361968601976335, 0.9377938623077482, 0.8930320229420353, 0.9907816043083899, 0.9366504793014852, 0.980346671557609, 0.9327120491516767, 0.9378630869406358, 0.8552970249878022, 0.9837570679622311, 0.9271500951224223, 0.9782912593777631, 0.9544886511637755, 0.961297042017372, 0.9769167451774203, 0.9396435742971888, 0.9424453322531231, 0.9714487331253799, 0.9794971524117503, 0.9318784784777467, 0.956562884620889, 0.9424883870535066, 0.9619930145326652, 0.9494946952358367], "val_auprc": [0.005769727154729865, 0.025936188522845245, 0.06665621334595895, 0.11194010699000875, 0.25942912691214454, 0.303226350430712, 0.45776474821467067, 0.42883479140664543, 0.4738011138220431, 0.4884267352056784, 0.441749933119406, 0.5147252096464178, 0.5153548435977637, 0.5180160413462167, 0.5198961920860634, 0.49652725342330895, 0.5247884728293544, 0.5372035415464964, 0.5231666363417066, 0.5107602485454835, 0.5455236970356591, 0.5477643148788711, 0.5566010111054666, 0.5477093745160566, 0.5714745776743192, 0.5366984188706919, 0.5169396903095167, 0.5913899623777004, 0.5611305300937487, 0.5564029657302735, 0.5847224704161019, 0.5141571424513931, 0.5374610261345453, 0.5468431861235704, 0.5704027894070258, 0.5633546964353019, 0.5636542377130427, 0.5282410807293826], "elapsed": [69.76492619514465, 69.29116463661194, 73.53005909919739, 72.51288723945618, 72.48538088798523, 77.38902997970581, 80.01071858406067, 78.77528500556946, 83.30011367797852, 87.78726696968079, 88.04681086540222, 82.57338666915894, 83.42907404899597, 81.47513103485107, 70.63411068916321, 69.6754424571991, 69.82311177253723, 70.32413983345032, 71.75497341156006, 72.81115579605103, 74.2377860546112, 70.23985552787781, 70.19127249717712, 70.43226552009583, 70.06316471099854, 67.77373933792114, 67.79093360900879, 68.01896667480469, 67.8432137966156, 68.55693244934082, 68.24614810943604, 67.58504343032837, 67.21299600601196, 67.59905934333801, 69.80454087257385, 72.08472609519958, 70.80112886428833, 70.46912670135498]}